徳島県内宿泊施設一覧(判明分のみ),,更新日,2014.11.25,,,,,,
ID,施設名,業種,郵便番号,住所,緯度,経度,電話番号,URL,
1,徳島東急イン,ホテル,770-0834,徳島県徳島市元町１丁目２４,34.073372,134.548617,088-626-0109,http://www.tokushima-i.tokyuhotels.co.jp/ja/index.html,
2,ホテル千秋閣,ホテル,770-0847,徳島県徳島市幸町３丁目５５,34.069307,134.555677,088-622-9121,http://www.sensyukaku.jp/,
3,ホテルグランドパレス徳島,ホテル,770-0831,徳島県徳島市寺島本町西１丁目６０−１,34.075237,134.548647,088-626-1111,,
4,ホテルクレメント徳島,ホテル,770-0831,徳島県徳島市寺島本町西１丁目６１,34.074455,134.551061,088-656-3111,http://www.hotelclement.co.jp/,
5,徳島アイネ,ホテル,771-0101,徳島県徳島市川内町旭野１３１,34.08706,134.602304,088-665-2131,,
6,徳島ワシントンホテルプラザ,ホテル,770-0923,徳島県徳島市大道１丁目６１−１,34.066976,134.547036,088-653-7111,,
7,サンシャイン徳島アネックス,ホテル,770-0824,徳島県徳島市南出来島町２丁目９,34.077617,134.544343,088-622-2333,,
8,ホテルサンシャイン徳島,ホテル,770-0824,徳島県徳島市南出来島町２丁目９,34.077142,134.544379,088-622-2333,http://www.hotel-sunshine.co.jp/,
9,徳島グランヴィリオホテル,ホテル・観光ホテル,770-0941,徳島県徳島市万代町３丁目５−１,34.065033,134.561274,088-624-1111,http://www.tokushima-hotelresort.com/,
10,タウンホテル千代,ビジネスホテル,770-0939,徳島県徳島市かちどき橋１丁目５０,34.064734,134.556328,088-653-6221,http://www.chiyo.burari.biz/,
11,アパホテル<徳島駅前>,ビジネスホテル,770-0833,徳島県徳島市一番町２丁目２１,34.072523,134.552342,088-655-5005,http://www.apahotel.com/hotel/shikoku/05_tokushima-ekimae/,
12,ホテルサンルート徳島,ビジネスホテル,770-0834,徳島県徳島市元町１丁目５−１,34.073211,134.550675,088-653-8111,http://www.sunroute.jp/HotelInfo/shikoku/tokushima/index.html?gclid=CLaXvqTfp74CFU0DvAodp4oAXQ,
13,ビジネスホテルメイアップ,ビジネスホテル,770-0847,徳島県徳島市幸町３丁目１０８,34.067916,134.554559,088-655-5757,http://www.hyper-inn.net/asp/nwsitem.asp?nw_id=24,
14,ビジネスホテル栄月,ビジネスホテル,770-0022,徳島県徳島市佐古二番町１０−８,34.078734,134.538241,088-653-6006,,
15,アグネスホテル徳島,ビジネスホテル,770-0831,徳島県徳島市寺島本町西１丁目２８,34.074687,134.548406,088-626-2222,http://www.agneshotel.jp,
16,アグネスホテルプラス,ビジネスホテル,770-0831,徳島県徳島市寺島本町西１丁目３４,34.074993,134.548512,088-655-1212,,
17,ホテルフォーシーズン,ビジネスホテル,770-0831,徳島県徳島市寺島本町西１丁目５４,34.074388,134.549722,088-622-2203,http://www.fshotel.jp,
18,ビジネスホテル大崎,ビジネスホテル,770-0831,徳島県徳島市寺島本町西２丁目１９,34.075451,134.547433,088-623-5451,,
19,徳島ステーションホテル,ビジネスホテル,770-0832,徳島県徳島市寺島本町東３丁目４,34.073122,134.551892,088-652-8181,,
20,ビジネスホテル白糸,ビジネスホテル,770-0934,徳島県徳島市秋田町１丁目７１,34.065376,134.550371,088-652-2527,,
21,ホテルプラザイン徳島,ビジネスホテル,770-0815,徳島県徳島市助任橋１丁目２０,34.077212,134.558416,088-626-1771,http://www.gladonehotels-tokushima.jp/,
22,徳島県庁前第一ホテル,ビジネスホテル,770-0942,徳島県徳島市昭和町１丁目１５,34.06508,134.558043,088-655-5151,http://www.tokushima-daiichihotel.co.jp,
23,ビジネスホテルニュー東洋,ビジネスホテル,770-0902,徳島県徳島市西新町１丁目３３,34.071779,134.547264,088-625-8181,,
24,ビジネスホテル近藤,ビジネスホテル,770-0903,徳島県徳島市西大工町１丁目１０,34.071194,134.545547,088-622-8511,,
25,ビジネスホテルコスモス徳島,ビジネスホテル,770-0936,徳島県徳島市中央通２丁目３５−４,34.063171,134.552193,088-622-2001,http://cosmos-tokushima.jp/,
26,ビジネスホテルパレス２１,ビジネスホテル,770-0856,徳島県徳島市中洲町１丁目２６,34.067985,134.558673,088-655-0021,http://www4.ocn.ne.jp/~paresu21/,
27,ビジネスホテルＮＡＫＡＺＵ,ビジネスホテル,770-0856,徳島県徳島市中洲町３丁目２６−３,34.067779,134.560435,088-623-2180,http://h-nakazu.netdesign-web.com/,
28,ウイークリー徳島,ビジネスホテル,770-0813,徳島県徳島市中常三島町３丁目７−１Ｆ,34.078987,134.564516,088-624-5041,,
29,レステイホテルズＤＥＥ,ビジネスホテル,770-0932,徳島県徳島市仲之町１丁目２１−４−２Ｆ,34.066959,134.551577,088-625-7778,,
30,ビジネスホテル清風荘,ビジネスホテル,770-0842,徳島県徳島市通町３丁目８,34.071581,134.550524,088-625-5708,,
31,ビジネスホテル徳島東船場,ビジネスホテル,770-0911,徳島県徳島市東船場町２丁目１５,34.069342,134.549681,088-626-0818,http://www.hyper-inn.net/own/index.asp,
32,アバァンティビジネスホテル,ビジネスホテル,770-0905,徳島県徳島市東大工町１丁目２０,34.069467,134.546345,088-654-5550,,
33,アルファホテル徳島,ビジネスホテル,770-0905,徳島県徳島市東大工町２丁目１１,34.068793,134.547047,088-655-0222,http://alpha-t.hotwire.jp/,
34,東横イン徳島駅眉山口,ビジネスホテル,770-0905,徳島県徳島市東大工町２丁目７,34.069026,134.547002,088-626-1045,http://www.toyoko-inn.com/hotel/00116/index.html,
35,センチュリープラザホテル,ビジネスホテル,770-0944,徳島県徳島市南昭和町１丁目４６−１,34.056369,134.554502,088-655-3333,http://www.century-ph.com/,
36,ビジネスホテルみづほ,ビジネスホテル,770-0933,徳島県徳島市南仲之町１丁目４６−３,34.065486,134.550947,088-654-4151,,
37,オリエントビジネスホテル,ビジネスホテル,770-8063,徳島県徳島市南二軒屋町１丁目１−３０,34.054344,134.546054,088-625-2827,,
38,ビジネスホテルアネックスみずほ,ビジネスホテル,770-0937,徳島県徳島市富田橋１丁目１１９-７,34.065314,134.552111,088-654-7878,,
39,ビジネスホテルサンパール,ビジネスホテル,770-0937,徳島県徳島市富田橋１丁目８６,34.065406,134.553006,088-653-3537,,
40,ビジネスホテルふじしま,ビジネスホテル,770-0937,徳島県徳島市富田橋２丁目５９,34.064302,134.552286,088-622-8502,,
41,ホテル越久,ビジネスホテル,770-0931,徳島県徳島市富田浜１丁目２２,34.067691,134.551838,088-623-6081,http://www.hyper-inn.net/asp/nwsitem.asp?nw_id=79,
42,ビジネスホテル笹田,ビジネスホテル,770-0931,徳島県徳島市富田浜１丁目９,34.068289,134.550916,088-625-1288,,
43,ホテルキャッスルＣＶ,ビジネスホテル,770-0812,徳島県徳島市北常三島町２丁目１１−１,34.080673,134.561866,088-625-2334,,
44,東横イン徳島駅前,ビジネスホテル,770-0843,徳島県徳島市両国本町１丁目５,34.071381,134.552883,088-657-1046,http://www.toyoko-inn.com/hotel/00192/index.html,
45,ホテルアストリア,ビジネスホテル・ビジネス旅館,770-0833,徳島県徳島市一番町２丁目２６−１,34.072313,134.552758,088-653-6151,,
46,ビジネスホテルエーゲ,ビジネスホテル・ビジネス旅館,770-0802,徳島県徳島市吉野本町５丁目１６,34.085402,134.551877,088-622-4199,,
47,ビジネス旅館七歩,ビジネスホテル・ビジネス旅館,770-0934,徳島県徳島市秋田町２丁目４９,34.064742,134.550418,088-622-8891,,
48,ともや旅館,ビジネスホテル・ビジネス旅館,770-0846,徳島県徳島市南内町１丁目４９−１,34.06861,134.552971,088-652-6051,,
49,剣山ホテル,ビジネスホテル・ビジネス旅館,770-0846,徳島県徳島市南内町２丁目１１,34.069874,134.551079,088-654-3331,,
50,ニュー丸新,ビジネスホテル・ビジネス旅館,770-0931,徳島県徳島市富田浜３丁目１０,34.066747,134.554836,088-652-4752,,
51,はやし別館,ビジネスホテル・ビジネス旅館・観光旅館,770-0844,徳島県徳島市中通町２丁目２２,34.071054,134.550841,088-622-9191,,
52,喜楽,ビジネスホテル・ビジネス旅館・民宿,770-0814,徳島県徳島市南常三島町３丁目７−４,34.077625,134.563646,088-625-4275,http://ki-raku.info/,
53,徳島グリーンホテル,ビジネスホテル・観光ホテル,770-0815,徳島県徳島市助任橋４丁目５−２,34.081239,134.559613,088-622-1333,http://nttbj.itp.ne.jp/0886221333/,
54,阿波観光ホテル,ビジネスホテル・観光ホテル・旅館,770-0833,徳島県徳島市一番町３丁目１６−３,34.072732,134.551014,088-622-5161,http://www.awakan.jp/,
55,ビジネスホテル民宿港,ビジネスホテル・民宿,770-0865,徳島県徳島市南末広町２−７７,34.062031,134.570539,088-623-6248,,
56,志のみや,ビジネスホテル・民宿・旅館,770-0868,徳島県徳島市福島１丁目３−１９,34.069667,134.563477,088-623-7274,,
57,ファーストイン徳島,ビジネスホテル・民宿・旅館,770-0918,徳島県徳島市栄町1丁目11-2-2Ｆ,34.066326,134.549135,088-652-4111,,
58,サウナ・カプセル・サミットプラザ,カプセルホテル・ビジネスホテル,770-0923,徳島県徳島市大道１丁目８,34.066914,134.547711,088-622-1177,http://www.tk2.nmt.ne.jp/~3met/,
59,徳島グランドホテル偕楽園,ホテル・温泉旅館・割ぽう旅館・観光ホテル,770-0926,徳島県徳島市伊賀町１丁目８,34.066847,134.544791,088-623-3333,http://www.kairakuenkanko.co.jp/,
60,昴宿よしの,ホテル・割ぽう旅館・観光ホテル・観光旅館,770-0833,徳島県徳島市一番町３丁目１８,34.072853,134.550722,088-654-2255,http://www.awa-yoshino.co.jp,
61,ホテル白水園,ホテル・観光ホテル・観光旅館,770-0932,徳島県徳島市仲之町１丁目４０,34.066573,134.550645,088-622-9165,http://www.hakusuien.co.jp/,
62,かんぽの宿徳島,ホテル・旅館,770-8071,徳島県徳島市八万町中津山３−７０,34.066978,134.530766,088-625-1255,http://www.kanponoyado.japanpost.jp/yado/tokushima/,
63,徳島ユースホステル,ユースホステル・公共の宿,770-8012,徳島県徳島市大原町浜７−１,34.030148,134.587087,088-663-1505,http://www.jyh.gr.jp/~tokushima/,
64,芳乃館,旅館,770-0832,徳島県徳島市寺島本町東２丁目１８−１,34.072836,134.552212,088-622-0123,,
65,あたけ食堂 旅館,旅館,770-0942,徳島県徳島市昭和町８丁目１２３,34.057959,134.56891,088-622-1420,,
66,勝浦屋旅館,旅館,770-0845,徳島県徳島市新内町２丁目２５,34.070686,134.550434,088-652-8729,,
67,常磐旅館,旅館,770-0042,徳島県徳島市蔵本町１丁目１５,34.078432,134.519416,088-632-5011,,
68,松風荘,旅館,770-8012,徳島県徳島市大原町大神子１０−１,34.028455,134.58767,088-662-1083,,
69,わかさ旅館,旅館,770-0922,徳島県徳島市鷹匠町５丁目１１,34.060353,134.547979,088-652-7858,,
70,佳都美旅館,旅館,770-0943,徳島県徳島市中昭和町５丁目４１−２,34.060234,134.562343,088-652-1231,,
71,菊乃旅館,旅館,770-0844,徳島県徳島市中通町２丁目１５,34.070939,134.550568,088-623-5010,,
72,山本旅館,旅館,770-0846,徳島県徳島市南内町１丁目２０,34.06909,134.55175,088-622-3788,,
73,丸徳旅館,旅館,770-0846,徳島県徳島市南内町３丁目１４,34.070823,134.549806,088-623-3385,,
74,やまうち旅館,旅館,770-0937,徳島県徳島市富田橋１丁目４０−１,34.064709,134.55356,088-625-1237,,
75,瀧見旅館,旅館,,徳島県徳島市藍場町2丁目,,,088-652-3012,,緯度経度不明
76,さくら荘,ビジネス旅館,770-0832,徳島県徳島市寺島本町東１丁目２５−１,34.073095,134.553707,088-623-7859,,
77,大正楼,ビジネス旅館・割ぽう旅館・観光旅館,770-0042,徳島県徳島市蔵本町１丁目２４,34.07879,134.519744,088-631-8881,,
78,鱗楼,ビジネス旅館・観光旅館,779-3124,徳島県徳島市国府町中２６８−１,34.069025,134.478409,088-642-4337,http://urokorou.com/,
79,かどや旅館,割ぽう旅館,779-3132,徳島県徳島市一宮町西丁２６８,34.037955,134.463291,088-644-0411,,
80,民宿志のみや,民宿,770-0868,徳島県徳島市福島１丁目３−１９,34.069694,134.563433,088-623-7274,,
81,名西旅館,民宿・旅館,779-3132,徳島県徳島市一宮町西丁２３４,34.037755,134.463274,088-644-0025,http://www.myouzai.burari.biz/,
82,建治寺,宿坊,779-3133,徳島県徳島市入田町金治２３０,34.027621,134.428806,088-644-1232,http://www7b.biglobe.ne.jp/~konjiji/,
83,ホテルリッジ,ホテル,771-0367,徳島県鳴門市瀬戸町大島田字中山１−１,34.242659,134.612039,088-688-1212,http://www.narutoparkhills.jp/hotelridge/,
84,グランドエクシブ鳴門,ホテル,771-0876,徳島県鳴門市北灘町折野字上三津１６７−３,34.202984,134.470351,088-682-0246,http://reserve.resort.co.jp/hotels/xiv/naru/,
85,モアナコースト,ホテル,772-0053,徳島県鳴門市鳴門町土佐泊浦字高砂１８６−１６,34.200928,134.624301,088-687-2255,http://www.moana.co.jp/,
86,ルネッサンスリゾートナルト,ホテル,772-0053,徳島県鳴門市鳴門町土佐泊浦字大毛１６−４５,34.219865,134.632697,088-687-2580,http://www.renaissance-naruto.com/,
87,ビジネスホテル鳴門,ビジネスホテル,772-0002,徳島県鳴門市撫養町斎田字大堤１０４−１０５,34.176909,134.608208,088-686-2555,http://businesshotel-naruto.com/,
88,ビジネスホテル ビーエム,ビジネスホテル,772-0012,徳島県鳴門市撫養町小桑島字前浜１６８−１,34.18132,134.604256,088-686-0211,,
89,ホテル アドイン鳴門,ビジネスホテル,772-0002,徳島県鳴門市撫養町斉田字大堤5-5,34.176933,134.609353,088-685-1115,http://www.narutokanko.co.jp/adinn/,
90,ビジネスホテル北洋,ビジネスホテル,772-0011,徳島県鳴門市撫養町大桑島字濘岩浜５１−１,34.187871,134.613523,088-685-8883,http://www.tv-naruto.ne.jp/sjunpei/,
91,ビジネスホテル ぶどう屋,ビジネスホテル,772-0003,徳島県鳴門市撫養町南浜字東浜４３３,34.174135,134.607821,088-686-1788,,
92,ホテル ファーストシーズン,ビジネスホテル・観光ホテル,772-0002,徳島県鳴門市撫養町斎田字大堤２２８,34.176791,134.60756,088-686-3261,http://first-season.co.jp/,
93,鳴門ホテルはま,ビジネスホテル・観光ホテル,772-0012,徳島県鳴門市撫養町小桑島字前浜６５,34.178819,134.60665,088-685-2600,http://www.naruto-hotel-hama.com/,
94,鳴門グランドホテル,ホテル・観光ホテル,772-0053,徳島県鳴門市鳴門町土佐泊浦字大毛８２−８８,34.22257,134.634449,088-687-1515,http://www.narutograndhotel.com,
95,旅館 水の,ホテル・観光ホテル・観光旅館,772-0013,徳島県鳴門市撫養町岡崎字二等道路東１０１,34.182717,134.621679,088-685-4131,http://www.ryokan-mizuno.co.jp/,
96,鳴門海月,ホテル・旅館,772-0053,徳島県鳴門市鳴門町土佐泊浦字福池６５−７,34.237529,134.642318,088-687-0333,http://narutokaigetsu.jp/,
97,かどや椿荘,旅館,779-0236,徳島県鳴門市大麻町板東字西山田８,34.15684,134.502056,088-689-0705,http://www.kadoya-tubakiso.ecweb.jp/index.htm,
98,旅館 さぬきや,旅館,772-0014,徳島県鳴門市撫養町弁財天字三ツ井丁３９,34.180717,134.619464,088-686-3301,http://www12.ocn.ne.jp/~sanukiya/,
99,大鳥居苑,割ぽう旅館,779-0236,徳島県鳴門市大麻町板東字西山田３３−４,34.159712,134.501885,088-689-3523,http://55web.jp/ootoriien/,
100,公園水野,観光旅館,772-0053,徳島県鳴門市鳴門町土佐泊浦字福池65-8,34.237268,134.642275,088-687-0411,http://www.koen-mizuno.com/,
101,旅館松家,観光旅館・民宿,772-0013,徳島県鳴門市撫養町岡崎字二等道路東８７−２,34.181238,134.622743,088-686-4573,,
102,大黒屋,民宿,771-0361,徳島県鳴門市瀬戸町堂浦字地廻り弐２８１−２,34.21902,134.587422,088-688-0634,,
103,民宿 くすみ,民宿,771-0361,徳島県鳴門市瀬戸町堂浦字地廻り弐４３９,34.219739,134.588758,088-688-0071,http://www.tk2.nmt.ne.jp/~turijoho/,
104,はまべ,民宿,771-0369,徳島県鳴門市瀬戸町撫佐字本村６−１,34.234043,134.609775,088-688-0669,,
105,民宿観梅苑,民宿,779-0230,徳島県鳴門市大麻町板東字広塚９,34.166272,134.502131,088-689-0697,http://www.tv-naruto.ne.jp/kanbaien/,
106,民宿つしまや,民宿,779-0236,徳島県鳴門市大麻町板東字西山田１３,34.157512,134.502145,088-689-1557,,
107,阿波,民宿,779-0237,徳島県鳴門市大麻町板東字北条８３−３,34.157152,134.502357,088-689-2222,,
108,民宿 灯台,民宿,772-0013,徳島県鳴門市撫養町岡崎字二等道路東９４−１,34.181702,134.62245,088-686-0433,http://minshuku-todai.jimdo.com/,
109,民宿ささだ,民宿,772-0002,徳島県鳴門市撫養町斎田字大堤１４−２,34.177437,134.606644,088-686-4029,,
110,民宿　うちの海,民宿,772-0053,徳島県鳴門市鳴門町土佐泊浦字黒山179-4,34.2100518,134.623953,088-687-0043,,
111,民宿 鳴門,民宿,772-0053,徳島県鳴門市鳴門町土佐泊浦字大毛２３４−５２,34.219211,134.626743,088-687-0443,http://www12.ocn.ne.jp/~naruto/,
112,鯛名所 鯛丸,民宿,772-0053,徳島県鳴門市鳴門町土佐泊浦字福池15-33,34.228932,134.63638,088-687-0077,http://www.taimaru.net/,
113,民宿やまひろ,釣宿・民宿,771-0361,徳島県鳴門市瀬戸町堂浦字地廻り弐８１−２,34.21851,134.587161,088-688-0536,,
114,大谷荘,公共の宿・国民宿舎,772-0021,徳島県鳴門市里浦町里浦字坂田４３２−８７,34.179604,134.627953,088-685-4121,http://www.ohtaniso.com/,
115,鳴門パークヒルズ ホテルリッジ,,771-0367,徳島県鳴門市瀬戸町大島田字中山１−１,34.2448645,134.6124098,088-688-1212,http://www.hotel-ridge.co.jp/,
116,イセヤリゾート鳴門,,772-0051,徳島県鳴門市鳴門町高島字山路99-3,34.2110461,134.6026755,088-683-6251,http://iseya-resort.com/,
117,三ツ石荘,,772-0053,徳島県鳴門市鳴門町土佐泊浦字大毛16-252,34.216365,134.6296773,088-687-0029,http://www.tv-naruto.ne.jp/tatumaru/index.html,
118,大塚潮騒荘,保養施設,772-0053,徳島県鳴門市鳴門町土佐泊浦字福池１７−１,34.230057,134.636668,088-687-1111,,
119,株式会社阿波銀行／保養所鳴門荘,保養施設,772-0021,徳島県鳴門市里浦町里浦字花面２２−８,34.180182,134.624835,088-685-7115,,
120,みどり旅館,ビジネスホテル・ビジネス旅館,773-0001,徳島県小松島市小松島町字外開７−５,34.009797,134.585931,0885-32-3633,http://www.komatsushima.ne.jp/midori/,
121,ビジネス旅館あかいし,ビジネスホテル・ビジネス旅館,773-0021,徳島県小松島市赤石町５−１０８,33.982798,134.61058,0885-37-2199,,
122,かめや旅館・東京旅館,ビジネスホテル・ビジネス旅館・リゾート旅館・割ぽう旅館・観光ホテル・観光旅館,773-0001,徳島県小松島市小松島町字新港４３−１１,34.01161,134.588197,0885-32-0963,,
123,末広旅館,旅館,773-0001,徳島県小松島市小松島町字外開１５−１,34.010087,134.586271,0885-32-0302,,
124,つるや旅館,旅館,773-0001,徳島県小松島市小松島町字外開７−１６二条通,34.009772,134.586832,0885-32-0414,,
125,ひらの旅館,旅館,773-0001,徳島県小松島市小松島町字新港３６,34.011558,134.587983,0885-32-0534,,
126,旅館朝日屋,旅館,773-0021,徳島県小松島市赤石町９−２,33.98247,134.607881,0885-37-1107,,
127,長楽苑温泉,温泉旅館,773-0015,徳島県小松島市中田町字東山７−２,34.018534,134.581831,0885-32-2252,,
128,民宿ちば,民宿,773-0008,徳島県小松島市田野町字恩山寺谷２１,33.988054,134.580902,0885-33-1508,,
129,鮒の里,民宿,773-0017,徳島県小松島市立江町字江ノ上４１−１,33.969258,134.600931,0885-37-1127,,
130,桧垣旅館,旅館,774-1760,徳島県阿南市伊島町瀬戸１００,33.84387,134.806726,0884-33-0310,,
131,入船旅館,旅館,774-1760,徳島県阿南市伊島町瀬戸９５,33.844026,134.807358,0884-33-0303,,
132,龍山荘,民宿,771-5173,徳島県阿南市加茂町黒河６,33.884687,134.543547,0884-25-0658,,
133,須賀舘,旅館,771-5173,徳島県阿南市加茂町不け１４−２,33.915981,134.550997,0884-25-0014,,
134,碧,民宿,771-5172,徳島県阿南市吉井町片山１２,33.920131,134.557728,0884-25-0267,http://aoi-kajyu.com/,
135,ベイサイドホテル龍宮,ビジネスホテル,774-0023,徳島県阿南市橘町幸田９２−２,33.863947,134.632121,0884-27-2027,http://travel.rakuten.co.jp/HOTEL/30081/30081.html,
136,ふたば,民宿,774-0023,徳島県阿南市橘町幸野８１,33.87869,134.649946,0884-27-1187,,
137,じょう旅館,旅館,774-0023,徳島県阿南市橘町西浜１６９,33.872302,134.639558,0884-27-0030,,
138,ビジネスイン魚井,ビジネスホテル,774-0023,徳島県阿南市橘町西浜６２,33.87318,134.641804,0884-27-0074,,
139,えびすや旅館,旅館,774-0023,徳島県阿南市橘町東中浜１０７,33.874907,134.642438,0884-27-0107,,
140,えもと,ビジネス旅館・ホテル,779-1402,徳島県阿南市桑野町井ノ口原５６−６,33.873629,134.607948,0884-26-0052,,
141,山茶花,民宿,779-1510,徳島県阿南市新野町秋山１８８−１,33.851615,134.582906,0884-36-3701,,
142,北漁火,ペンション,774-0016,徳島県阿南市中林町大切１００−９,33.900132,134.684454,0884-23-0035,http://www4.ocn.ne.jp/~kitaisa/index.html,
143,伊勢えび・海賊料理民宿 北の脇,民宿,774-0016,徳島県阿南市中林町大切１０２−７,33.899776,134.685304,0884-23-6136,http://www.iseebi-kitanowaki.com/,
144,大浜荘,民宿,774-0016,徳島県阿南市中林町大切１０６,33.898833,134.685225,0884-22-0514,,
145,なみおと,民宿,774-0016,徳島県阿南市中林町大切７９−１,33.900082,134.683187,0884-28-7355,http://www.ric.hi-ho.ne.jp/oyado-namioto/,
146,丸三荘,民宿,774-0016,徳島県阿南市中林町大浜１３−２,33.903524,134.690356,0884-22-1235,,
147,民宿 ようき荘,民宿,774-0016,徳島県阿南市中林町堤ノ内１−４,33.901369,134.685225,0884-23-3005,,
148,浜銀荘,ビジネス旅館・民宿,774-0016,徳島県阿南市中林町堤ノ内５,33.900271,134.685472,0884-22-3235,,
149,司荘,民宿,774-0016,徳島県阿南市中林町堤ノ内６−４,33.90035,134.684895,0884-22-5045,,
150,天水旅館,ビジネス旅館,774-0021,徳島県阿南市津乃峰町長浜２７５−１,33.890222,134.654056,0884-27-0285,,
151,福島荘,民宿,774-0021,徳島県阿南市津乃峰町長浜３９１−３,33.888785,134.653539,0884-27-1076,,
152,ビジネスイン一楽,ビジネスホテル・ビジネス旅館・民宿,774-0021,徳島県阿南市津乃峰町東分１１５−１,33.888092,33.888092,0884-27-0115,http://www.b-ichiraku.jp/,
153,いさみ旅館,旅館,774-0021,徳島県阿南市津乃峰町東分１１７−２６,33.888785,134.652442,0884-27-0312,,
154,千明荘,民宿,774-0021,徳島県阿南市津乃峰町東分２２８−１,33.889,134.651194,0884-27-1589,,
155,伊丹旅館,民宿,774-0021,徳島県阿南市津乃峰町東分５２−３,33.889422,134.653829,0884-27-1410,http://wwwc.pikara.ne.jp/mitsuko,
156,椿活珍亭,割ぽう旅館,779-1750,徳島県阿南市椿町加茂前６６,33.828422,134.664775,0884-33-1077,,
157,蒲生田荘,公共の宿,779-1750,徳島県阿南市椿町蒲生田,,,0884-33-0810,緯度経度　詳細不明,
158,あたらしや,民宿,779-1750,徳島県阿南市椿町蒲生田１５４,33.838713,134.74125,090-6880-7643,,
159,椿自然園,割ぽう旅館,779-1750,徳島県阿南市椿町瀬井４５,33.842145,134.682073,0884-33-1127,http://www.tsubaki-s.com/,
160,かもだ岬温泉保養センター,保養施設,779-1570,徳島県阿南市椿町船瀬60-2,33.831407,134.725883,0884-21-3030,http://wwwd.pikara.ne.jp/kamodamisaki/,
161,つばき荘,保養施設・民宿・旅館,779-1750,徳島県阿南市椿町大深原３−８,33.843254,134.696462,0884-33-1227,,
162,ＹＭＣＡ阿南国際海洋センター,公共の宿・少年自然の家,779-1750,徳島県阿南市椿町那波江１４,33.84848,134.702987,0884-33-1221,http://www.osakaymca.jp/anan/,
163,ゆきや荘,民宿,779-1740,徳島県阿南市椿泊町東５５,33.843791,134.71346,0884-33-0070,,
164,玉梅旅館,民宿・旅館,779-1245,徳島県阿南市那賀川町中島５４０,33.938686,134.66851,0884-42-0012,,
165,やまに旅館,ビジネス旅館,779-1245,徳島県阿南市那賀川町中島７１９−１,33.938663,134.674331,0884-42-0468,,
166,ロイヤルガーデンホテル,ビジネスホテル,774-0030,徳島県阿南市富岡町あ王谷５２−２,33.917324,134.65576,0884-23-3838,,
167,民宿茶夢,民宿,774-0030,徳島県阿南市富岡町あ石２４,33.91741,134.664278,0884-22-0511,http://travel.rakuten.co.jp/HOTEL/79491/79491.html,
168,ホテル石松,ビジネスホテル・旅館,774-0030,徳島県阿南市富岡町トノ町１１３−３,33.921072,134.655388,0884-22-0126,http://www.i-taste.yad.jp/,
169,阿南第一ホテルアネックス,ビジネスホテル,774-0030,徳島県阿南市富岡町王塚28-2,33.918217,134.65779,0884-28-7600,http://www.anan1.co.jp/annex/,
170,あなんステーションホテル,ビジネスホテル,774-0030,徳島県阿南市富岡町今福寺４３−５,33.918771,134.661662,0884-28-7711,http://www.anan1.co.jp/station/,
171,ビジネスホテル丸の内,ビジネスホテル,774-0030,徳島県阿南市富岡町今福寺５９−５,33.919467,134.661555,0884-23-0668,,
172,阿南第一ホテル GP,ホテル,774-0030,徳島県阿南市富岡町西池田口１４−１,33.91669,134.656848,0884-22-6622,http://www.anan1.co.jp/,
173,阿南プラザイン,ビジネスホテル,774-0030,徳島県阿南市富岡町滝の下１７−１,33.917363,134.661874,0884-28-6600,http://www.anan-plaza.com/,
174,阿南プラザホテル,ビジネスホテル,774-0030,徳島県阿南市富岡町滝の下２４−８,33.916416,134.663236,0884-22-9800,,
175,ホテルサンオーシャン,ビジネスホテル,774-0030,徳島県阿南市富岡町滝ノ下４２−４,33.915986,134.665148,0884-23-2222,http://www.hotelsunocean.co.jp/,
176,阿南民宿みゆき荘,ビジネス旅館・観光旅館・民宿,779-1620,徳島県阿南市福井町浜田１０６,33.844124,134.635741,0884-34-2144,,
177,ホテル志な川,ビジネスホテル,774-0004,徳島県阿南市福村町南筋１１８,33.924193,134.692826,0884-22-7008,,
178,かさぎ旅館,ビジネス旅館・民宿,774-0004,徳島県阿南市福村町南筋１３６−１,33.923192,134.693889,0884-22-1283,http://www2.ocn.ne.jp/~kasagi,
179,海賊荘,観光旅館・民宿,774-0003,徳島県阿南市畭町亀崎７,33.916967,134.698229,0884-22-3660,,
180,平和荘,民宿,774-0003,徳島県阿南市畭町亀崎８２−３０,33.917156,134.697829,0884-22-5309,,
181,民宿　坂口屋,民宿,771-5173,徳島県阿南市加茂町黒河２２,33.885675,134.544146,0884-35-1201,http://minshuku-sakaguchiya.com/index.html,
182,アクセス鴨島,ビジネスホテル,776-0010,徳島県吉野川市鴨島町鴨島２２４−１,34.067506,134.35563,0883-24-5050,,
183,三笠屋旅館,ビジネスホテル・ビジネス旅館,776-0010,徳島県吉野川市鴨島町鴨島４６１−１０,34.072687,134.357302,0883-24-2511,,
184,セントラルホテル鴨島,ビジネスホテル・観光ホテル,776-0010,徳島県吉野川市鴨島町鴨島４７１−２,34.073925,134.357264,0883-24-8989,http://www.central-kamojima.jp/,
185,さくら旅館,ビジネス旅館・割ぽう旅館,776-0010,徳島県吉野川市鴨島町鴨島５０２−１１,34.072173,134.355749,0883-24-2404,,
186,しげる旅館,旅館,776-0010,徳島県吉野川市鴨島町鴨島526-16,34.073456,134.355095,0883-24-2722,,
187,ビジネスホテル おいけ,ビジネスホテル,776-0010,徳島県吉野川市鴨島町鴨島５３７−１,34.073684,134.354876,0883-24-2459,http://oikehotel.com/,
188,ロードサイド,ビジネスホテル,776-0003,徳島県吉野川市鴨島町内原１６０−３,34.070882,134.368419,0883-22-1088,http://www.roadside.jp/,
189,旅館吉野,旅館,776-0033,徳島県吉野川市鴨島町飯尾１４４４−１,34.055764,134.354014,0883-24-1263,,
190,民宿富士,民宿,776-0033,徳島県吉野川市鴨島町飯尾22-1,34.0616442,134.3512372,0883-36-1088,,
191,鴨島温泉「鴨の湯」,保養施設,776-0033,徳島県吉野川市鴨島町飯尾415-1,34.063002,134.361438,0883-22-1926,,
192,すぎむら別館,ビジネス旅館,779-3401,徳島県吉野川市山川町翁喜台１３−１,34.050709,134.230165,0883-42-2223,,
193,ふいご温泉,温泉旅館・観光旅館,779-3406,徳島県吉野川市山川町久宗３１−１,34.033784,134.234142,0883-42-4700,http://fuigo-onsen.com/,
194,米谷旅館,779-3301,,徳島県吉野川市川島町川島420-3,34.0639236,134.3197264,0883-25-2226,,
195,美郷の湯,,779-3505,徳島県吉野川市美郷字奥丸75番地1,34.0391867,134.3013349,0883-43-2626,http://misatonoyu.com/,
196,どこも山,民宿,779-3505,徳島県吉野川市美郷字丸山１４−２,34.0207037,134.3142724,0883-43-2970,http://wwwd.pikara.ne.jp/docomoyama/,
197,ほたるの里,キャンプ場,779-3501,徳島県吉野川市美郷字穴地１０,34.00272,134.251534,0883-43-2525,,
198,村田旅館,旅館,779-3505,徳島県吉野川市美郷字古土地１３１−４,34.031633,134.298944,0883-43-2602,,
199,清月旅館,旅館,779-3503,徳島県吉野川市美郷字宗田320,34.0266357,134.2598998,0883-43-2006,,
200,きのこの里,民宿,779-3501,徳島県吉野川市美郷字田平199-1,34.006549,134.260186,0883-43-2370,http://www.cnet-oe.ne.jp/kinokonosato/,
201,木の夢　ととり,民宿,779-3501,徳島県吉野川市美郷字田平498番地,34.008149,134.261275,0883-43-2373,http://misato-totori.com/,
202,土柱どんどん,ビジネスホテル・旅館,771-1705,徳島県阿波市阿波町桜ノ岡１６２,34.090962,134.205847,0883-35-3808,,
203,土柱パラダイス,民宿・旅館,771-1705,徳島県阿波市阿波町桜ノ岡１６４−１,34.091473,134.205801,0883-35-2785,,
204,土柱ランド新温泉,ビジネスホテル・温泉旅館・観光旅館,771-1705,徳島県阿波市阿波町桜ノ岡１６５,34.091288,134.206046,0883-35-3431,http://dochuland.com/,
205,阿波土柱の湯,保養施設,771-1704,徳島県阿波市阿波町北正広205-1,34.094428,134.212065,0883-35-5471,http://dochunoyu.com/,
206,旅館 八幡,旅館,771-1627,徳島県阿波市市場町大野島字新ノ池８−１,34.092774,134.307884,0883-36-6186,http://www3.ocn.ne.jp/~u-yawata/ryokan/ryokan.html,
207,古民家宿 里山辺,民宿,771-1503,徳島県阿波市土成町浦池１４９３,34.123878,134.321709,088-618-0036,http://d.hatena.ne.jp/satoyamabe/,
208,天然温泉・御所の郷,保養施設,771-1507,徳島県阿波市土成町吉田字梨木原1,34.123834,134.353682,088-695-4615,http://www.goshonosato.com/,
209,へんろ宿越久田屋,民宿,771-1508,徳島県阿波市土成町宮川内字宮ノ下３１−１,34.1212,134.358648,088-695-5322,,
210,御所温泉観光ホテル,ホテル・温泉旅館・観光ホテル,771-1508,徳島県阿波市土成町宮川内字平間４７−２,34.14964,134.352455,088-695-2043,,
211,御所社の森,旅館,771-1508,徳島県阿波市土成町宮川内字落久保７１−２,34.135792,134.349151,088-695-5846,http://www.yashironomori.jp/,
212,アクセス阿波,ビジネスホテル,771-1506,徳島県阿波市土成町土成字寒方５１−４,34.102721,134.344916,088-695-2200,,
213,ホテル百万石,ホテル,771-1506,徳島県阿波市土成町土成字東原９９−２,34.105519,134.347134,088-695-3789,,
214,油屋美馬館,ホテル,777-0005,徳島県美馬市穴吹町穴吹字市ノ下１００−６,34.047591,134.176255,0883-53-7733,http://www1.quolia.ne.jp/~aburaya.mimakan/,
215,ブルーヴィラ あなぶき,ホテル・旅館,777-0006,徳島県美馬市穴吹町口山字丸山１,34.02279,134.15066,0883-55-3777,http://bv-anabuki.com/,
216,水車の里穴吹温泉,民宿・旅館,777-0006,徳島県美馬市穴吹町口山字渕名１０２８−１,34.02608,134.128734,0883-56-0025,http://www.anabukionsen.com/,
217,オートキャンプ場 四国三郎の郷,コテージ・山小屋,771-2107,徳島県美馬市美馬町字境目３９−１０,34.041615,134.001418,0883-55-2002,http://www.mimacamp.jp,
218,浜一旅館,旅館,771-2107,徳島県美馬市美馬町字八幡１３３−１,34.047201,134.019509,0883-63-2559,,
219,剣山頂上ヒュッテ雲海荘,コテージ・ロッジ・山小屋,777-0005,徳島県美馬市木屋平字川井187,33.865,134.092,088-622-0633（冬期：0883-56-0966）,http://tsurugisan-hutte.com/,
220,つるぎの湯　大桜,,777-0302,徳島県美馬市木屋平字川井270,33.933083,134.21296,0883-68-2424,http://www.city.mima.lg.jp/4/66/000317.html,
221,剣山一の森ヒュッテ,コテージ・ロッジ・山小屋,777-0303,徳島県美馬市木屋平字川上カケ５７１,33.855127,134.096242,0883-53-5911,,
222,中尾山高原平成荘,保養施設,777-0303,徳島県美馬市木屋平字太合カケ４４５−１,33.899167,134.138592,0883-68-3422,,
223,交流促進宿泊施設・美村が丘,コテージ・公共の宿・山小屋,779-3638,徳島県美馬市脇町字東大谷１８,34.098817,134.158234,0883-52-5650,http://www.chidori.co.jp/mimura/,
224,ビジネスホテル稲田苑,ビジネスホテル,779-3601,徳島県美馬市脇町字拝原１００１−１,34.068402,134.170999,0883-52-3333,http://www11.plala.or.jp/inadaen/,
225,ビジネス脇プラザ,ビジネスホテル,779-3601,徳島県美馬市脇町字拝原２０２０−３,34.066048,134.169985,0883-53-1126,http://www.infoeddy.ne.jp/~kodak/waki.html,
226,ビジネスホテルマツカ,ビジネスホテル,779-3602,徳島県美馬市脇町猪尻建神社下南153-1,34.065102,134.163233,0883-52-1555,http://www.hotel-matsuka.com/,
227,勇楼旅館,ビジネス旅館,779-4801,徳島県三好市井川町辻２８８−５,34.02902,133.880561,0883-78-2051,http://www.isamurou.com/,
228,井川フィンランドコテージ,,779-4805,徳島県三好市井川町平山7326-26,33.963967,133.883109,0883-78-4311,http://www.ikawaski.jp/stay.html,
229,紅葉温泉,保養施設,771-2302,徳島県三好市三野町加茂野宮1467,34.057828,133.988151,0883-77-2954,,
230,健康とふれあいの森,,771-2304,徳島県三好市三野町芝生1342-3,34.059012,133.969207,0883-77-4320,http://www.miyoshinavi.jp/03asobu/detail.php?genr=102&area=3&uid=SS000007,
231,奥小歩危温泉源氏の里,温泉旅館・民宿,779-5328,徳島県三好市山城町粟山６２７−１４,33.899114,133.707614,0883-86-2372,,
232,賢見温泉,温泉旅館,779-5313,徳島県三好市山城町黒川3-3,33.966,133.743,0883-86-2982,http://www.kenmi.com/,
233,農家民宿　歩危農園,民宿,779-5452,徳島県三好市山城町上名1938,33.8754914,133.7597871,090-1578-161,http://www.ctm.ne.jp/~ooboke-kudo/,
234,ゲストハウス モモンガビレッジ,民宿・旅館,779-5334,徳島県三好市山城町信正１１５３−５,33.963462,133.7204,0883-86-2334,http://momonga-village.com/,
235,大歩危温泉　サンリバー大歩危,ホテル・温泉旅館,779-5451,徳島県三好市山城町西宇１２５９−１,33.911863,133.758569,0883-84-2111,http://www.oobokeonsen.jp/,
236,ホテル大歩危峡まんなか,ホテル・観光ホテル,779-5451,徳島県三好市山城町西宇１６４４−１,33.884039,133.759313,0883-84-1216,http://www.mannaka.co.jp/,
237,田舎のかまや 風流里,民宿,779-5347,徳島県三好市山城町大月３６８−１,33.967951,133.713207,0883-86-1503,,
238,塩塚高原キャンプ場,コテージ・山小屋,779-5337,徳島県三好市山城町平野２０５,33.93648,133.681306,0883-86-3077,http://shiozuka.macearth-shikoku.jp/,
239,旅人の宿なこね,民宿,778-0104,徳島県三好市西祖谷山村榎２４２,33.866253,133.777811,0883-72-5557,http://www13.plala.or.jp/nakone1111/,
240,古民家宿 空音遊,民宿,778-0104,徳島県三好市西祖谷山村榎442,33.86538051,133.7763119,080-6282-3612,http://www.k-n-a.com/,
241,かずら橋キャンプ村,キャンプ場,778-0102,徳島県三好市西祖谷山村閑233,33.879673,133.840878,090-1571-5258,http://www.iyakei-camp.jp/,
242,祖谷の宿　かずらや,ホテル・観光ホテル・旅館,778-0102,徳島県三好市西祖谷山村閑定７８,33.878381,133.840199,0883-87-2831,http://www.ctm.ne.jp/~kazuraya/,
243,お山荘,民宿,778-0102,徳島県三好市西祖谷山村閑定９１−２,33.878217,133.840464,0883-87-2133,,
244,民宿としこ荘,民宿,778-0102,徳島県三好市西祖谷山村今久保339,33.873173,133.832472,0883−87−2842,,
245,レンタルハウスＦＯＲＥＳＴ,コテージ・貸別荘,778-0101,徳島県三好市西祖谷山村重末５６４,33.872039,133.817443,0883-87-2367,http://forest01.web.fc2.com/,
246,いや荘,民宿,778-0102,徳島県三好市西祖谷山村善徳１５７−１１,33.875485,133.833122,0883-87-2242,,
247,民宿みなみ,民宿,778-0102,徳島県三好市西祖谷山村善徳１６０−１６,33.875992,133.835196,0883-87-2342,,
248,祖谷観光旅館,旅館,778-0102,徳島県三好市西祖谷山村善徳１６１,33.875431,133.834073,0883-87-2125,http://www.iyadekomawashi.com/,
249,かずら橋旅館大倉,ビジネス旅館・観光旅館,778-0102,徳島県三好市西祖谷山村善徳161-13,33.875456,133.834357,0883-87-2038,http://www1.ocn.ne.jp/~bonnet/okura.html,
250,新祖谷温泉ホテルかずら橋,ホテル,778-0102,徳島県三好市西祖谷山村善徳３３−１,33.879454,133.826639,0883-87-2171,http://www.kazurabashi.co.jp/,
251,渓谷の宿　祖谷美人,旅館,778-0102,徳島県三好市西祖谷山村善徳９−３,33.883381,133.821313,0883-87-2009,http://iyabijin.jp/,
252,祖谷ふれあい公園キャンプサイト,キャンプ場,778-0101,徳島県三好市西祖谷山村尾井ノ内３７９,33.891529,133.814424,0883-76-8585,,
253,祖谷渓温泉　ホテル秘境の湯,ホテル・観光ホテル,778-0101,徳島県三好市西祖谷山村尾井ノ内４０１,33.890368,133.813352,0883-87-2300,http://www.hotel-hikyounoyu.co.jp/,
254,ビジネスホテル阿波池田,ビジネスホテル,778-0001,徳島県三好市池田町ウヱノ３１５９−２,34.029733,133.79361,0883-72-1010,http://www.businesshotel-awaikeda.com/,
255,松又ビジネスホテル,ビジネスホテル,778-0003,徳島県三好市池田町サラダ１６４９−３,34.027252,133.810651,0883-72-0011,,
256,大黒屋旅館,旅館,778-0005,徳島県三好市池田町シマ８１７−１,34.027851,133.818343,0883-72-0587,,
257,たかおか旅館,旅館,778-0005,徳島県三好市池田町シマ８３８−３,34.027931,133.817433,0883-72-1041,,
258,旅館 青雲荘,旅館,778-0002,徳島県三好市池田町マチ2171-12,34.028088,133.8045221,0883‐72-1436,,
259,ふくや旅館,ビジネス旅館・観光旅館,778-0002,徳島県三好市池田町マチ２１７７−４,34.028151,133.805755,0883-72-0868,http://www5.ocn.ne.jp/~fkuya/,
260,寿司六旅館,旅館,778-0002,徳島県三好市池田町マチ２１７８−５,34.02851,133.805613,0883-72-0205,http://sushiroku.web.fc2.com/,
261,ビジネスホテルヤマシロ,ビジネスホテル,778-0002,徳島県三好市池田町マチ２１８０−１,34.028872,133.805915,0883-72-0277,,
262,マルフク旅館,旅館,778-0002,徳島県三好市池田町マチ２１８１−１１,34.02887,133.805259,0883-72-0027,,
263,丸福旅館,旅館,778-0002,徳島県三好市池田町マチ2181-11,34.028866,133.805267,0883-72-0027,,
264,民宿 岡田,民宿,778-5253,徳島県三好市池田町佐野牛頭５８６,34.001773,133.704384,0883-74-1001,,
265,阿波池田ユースホテル,,778-0040,徳島県三好市池田町字西山佐古3798,34.040564,133.800686,0883-72-5277,http://awaikeda-yh.boy.jp/index.html,
266,山口屋旅館,民宿・旅館,778-0020,徳島県三好市池田町州津宮ノ久保８５４−１,34.040485,133.849464,0883-72-1074,,
267,松尾川温泉　しらさぎ荘,旅館,779-5165,徳島県三好市池田町松尾黒川２−１,33.958572,133.820801,0883-75-2322,,
268,ホテル祖谷温泉,ホテル・温泉旅館,779-5165,徳島県三好市池田町松尾松本３６７−２,33.921396,133.81748,0883-75-2311,http://www.iyaonsen.co.jp/,
269,祖谷渓キャンプ村,キャンプ場,779-5165,徳島県三好市池田町松尾松本524-2,33.945333,133.813825,090-9553-3795,http://www.iyakei-camp.jp,
270,大歩危祖谷阿波温泉　あわの抄,ビジネスホテル・温泉旅館・民宿,778-5251,徳島県三好市池田町白地本名１６５−６,34.015804,133.781398,0120-018-081,http://awanosho.jp/,
271,旅人宿,民宿,778-5251,徳島県三好市池田町白地本名２４９−１,34.009896,133.783412,0883-76-4727,,
272,民宿 白地荘,ビジネス旅館・観光旅館・民宿,778-5251,徳島県三好市池田町白地本名７５５−２,34.010681,133.778867,0883-74-0487,http://www12.ocn.ne.jp/~hakuchi/index.html,
273,白地温泉 小西旅館,割ぽう旅館・観光旅館,778-5251,徳島県三好市池田町白地本名７６−２,34.016199,133.783396,0883-74-0311,http://hakuchionsen.com/,
274,平家荘,民宿,778-0204,徳島県三好市東祖谷京上１５３−５,33.868631,133.904982,0883-88-2848,,
275,旅の宿　奥祖谷,ビジネスホテル・ビジネス旅館・観光旅館,778-0204,徳島県三好市東祖谷京上１６１−３,33.867452,133.903752,0883-88-2045,http://www.okuiya.jp/,
276,よしだ旅館,ビジネスホテル・旅館,778-0204,徳島県三好市東祖谷京上４３４,33.868412,133.905219,0883-88-2843,,
277,丸石パークランド,ホテル・旅館,778-0201,徳島県三好市東祖谷菅生620-1,33.854241,134.044181,0883-88-2768,,
278,劔神社,宿坊・民宿,778-0201,徳島県三好市東祖谷菅生２０３,33.868217,134.0906,0883-67-5017,http://www.ctm.ne.jp/~turugijinjya/,
279,平家の宿,民宿,778-0201,徳島県三好市東祖谷菅生２０５,33.867732,134.09,0883-67-5296,http://heike28soba.web.fc2.com/index.html,
280,民宿　霧の峰,民宿,778-0201,徳島県三好市東祖谷菅生２０５−８,33.867639,134.089697,0883-67-5211,http://www.kirinomine.jp/,
281,いやしの温泉郷,,778-0201,徳島県三好市東祖谷菅生28番地,33.868814,133.978921,0883-88-2975,http://iyashino-onsenkyo.com/,
282,松浦商店/民宿松浦,民宿,778-0201,徳島県三好市東祖谷菅生３９９,33.854143,134.021314,0883-88-2131,,
283,奥祖谷二重かずら橋キャンプ場,キャンプ場,778-0201,徳島県三好市東祖谷菅生620,33.853546,134.046303,0883-88-2640,,
284,民宿まつうら,民宿,778-0201,徳島県三好市東祖谷菅生見ノ越,33.867965,134.089463,0883-67-5009,http://turugi-yado.com/index.php,
285,?庵(ちいおり) ,民宿,778-0206,徳島県三好市東祖谷釣井209番地,33.864144,133.862572,0883-88-5290,http://www.chiiori.org/,
286,龍宮崖コテージ,コテージ・キャンプ場,778-0206,徳島県三好市東祖谷釣井438-3,33.860309,133.877248,080-2981-6221,http://www.ryugugake.com/,
287,桃源郷祖谷の山里,民宿,778-0206,徳島県三好市東祖谷和田９７−１３,33.863766,133.876314,0883-88-2540,http://www.tougenkyo-iya.jp/,
288,ウマバー,シェアレジデンス,,徳島県三好市池田町白地ウマバ464,34.035454,133.782109,03-6386-5300,https://www.facebook.com/ub1.jp,
289,ふれあいの里 さかもと,公共の宿,771-4308,徳島県勝浦郡勝浦町大字坂本字宮平１−５,33.936083,134.453331,0885-44-2110,http://www18.atpages.jp/fureaisakamoto/,
290,金子屋,民宿,771-4303,徳島県勝浦郡勝浦町大字生名字石垣３−１,33.92985,134.519613,0885-42-2721,,
291,ヤマニシ旅館,旅館,771-4502,徳島県勝浦郡上勝町大字旭字中村５４−１,33.875399,134.383069,0885-46-0005,,
292,山の楽校 自然の宿あさひ,旅館,771-4502,徳島県勝浦郡上勝町大字旭字中村７２,33.875624,134.383987,0885-46-0249,http://asahi.ina-ka.com/index02.html,
293,福原荘,民宿,771-4501,徳島県勝浦郡上勝町大字福原字平間６５,33.884505,134.417605,0885-46-0107,,
294,月ケ谷温泉・月の宿,温泉旅館,771-4501,徳島県勝浦郡上勝町大字福原字平間71-1,33.884998,134.418303,0885-46-0203,http://www.e-kamikatsu.jp/,
295,花びより,民宿,771-4500,徳島県勝浦郡上勝町大字旭字中村116,33.876908,134.384191,0885-33-1837,http://s.ameblo.jp/minsyukuhanabiyori/,
296,里がえり,民宿,771-4500,徳島県勝浦郡上勝町大字旭字葉利27-2,33.8789084,134.3663399,0885-46-0293,http://kamikatsu-tourist.com/kamikatsu-minsyuku,
297,わっか,民宿,771-4500,徳島県勝浦郡上勝町大字正木字六十ブ48-1,33.927094,134.424388,0885-45-0458,http://kamikatsu-tourist.com/kamikatsu-minsyuku,
298,山埃,民宿,771-4500,徳島県勝浦郡上勝町大字生実字下野81-1,33.8906036,134.3985714,0885-46-0356,http://kamikatsu-tourist.com/kamikatsu-minsyuku,
299,やまよし旅館,旅館,771-4101,徳島県名東郡佐那河内村下字中川原１２−４,33.992776,134.454291,088-679-2406,,
300,丸利旅館,旅館,771-4102,徳島県名東郡佐那河内村上字井開１０,33.990174,134.44046,088-679-2151,,
301,松の家旅館,旅館,779-3233,徳島県名西郡石井町石井字石井３５８−１,34.070367,134.445063,088-674-2421,,
302,神山温泉　ホテル四季の里＆いやしの湯,ホテル・温泉旅館,771-3310,徳島県名西郡神山町神領字本上角８０−２,33.971772,134.370083,088-676-1117,http://kamiyama-spa.com,
303,神山マスの家(神山スキーランド),ホテル,771-3421,徳島県名西郡神山町下分字三ツ木３２,33.949965,134.311719,088-677-0126,,
304,さくらや旅館,旅館,771-3311,徳島県名西郡神山町神領字北91-1,33.967497,?134.346827,088-676-0036,,
305,鍋岩荘,旅館,771-3421,徳島県名西郡神山町下分字鍋岩65-2,33.985168,134.32897,088-677-0181,,
306,植村旅館,旅館,771-3202,徳島県名西郡神山町阿野字本名１２−１,34.008465,134.374767,088-678-0859,,
307,田中屋旅館,旅館,771-3422,徳島県名西郡神山町上分字川又２１８−２,33.957768,134.2825,088-677-0019,,
308,大塚旅館,旅館,771-3422,徳島県名西郡神山町上分字川又２２１−２,33.957586,134.281802,088-677-0027,,
309,桜屋旅館,旅館,771-3311,徳島県名西郡神山町神領字北９１−１,33.967497,134.346806,088-676-0036,,
310,つじ荘,民宿,771-3310,徳島県名西郡神山町神領字本上角１５７−１,33.973222,134.370935,088-676-0619,,
311,明日香,民宿,771-3310,徳島県名西郡神山町神領字本上角６８,33.971916,134.370726,088-676-1158,,
312,岳人の森キャンプ場,キャンプ場,771-3422,徳島県名西郡神山町上分字中津土須峠,33.925488,134.271213,088-677-1147,http://gakujin-no-mori.net/,
313,コットンフィールドキャンプ場,キャンプ場,771-3310,徳島県名西郡神山町神領字西上角２７２,33.96893,134.369615,088-676-0803,http://www.cottonfield.jp/,
314,軽井沢レジャーランド,キャンプ場,771-3201,徳島県名西郡神山町阿野字南馬喰草69,34.034584,134.40644,088-678-0981,http://www.karuizawa-camp.com/,
315,プチペンションやすらぎ,ペンション,771-3201,徳島県名西郡神山町阿野字南行者野３４９−１,34.036717,134.422315,088-678-0198,,
316,四季美谷温泉,,771-5411,徳島県那賀郡那賀町横谷字夏切3-3,33.863208,134.250821,0884-65-2116,http://shikibidani-onsen.com/,
317,コテージみやこわすれ,,771-6103,徳島県那賀郡那賀町出羽字母林3-4-2,33.847082,134.329102,0884-65-2018,http://wwwa.njctv.ne.jp/njcs0077/,
318,もみじ川温泉,,771-5410,徳島県那賀郡那賀町大久保字西納野4-7,33.797635,134.446173,0884-62-1171,http://momijigawa-spa.com/,
319,にしはら,ビジネス旅館,771-5406,徳島県那賀郡那賀町延野字大原２３３−２,33.820439,134.480205,0884-62-0027,,
320,わじき温泉,ビジネス旅館・温泉旅館,771-5206,徳島県那賀郡那賀町百合字松の木３１０−１,33.838711,134.495962,0884-62-1289,,
321,さくらぎ館,ビジネス旅館・観光旅館,771-6321,徳島県那賀郡那賀町平谷字小松原８−６,33.792082,134.299858,0884-67-0024,,
322,田村旅館,ビジネス旅館,771-6321,徳島県那賀郡那賀町平谷字西浦１３,33.792552,134.300866,0884-67-0002,,
323,淡水荘,旅館,771-5329,徳島県那賀郡那賀町竹ヶ谷字長門１４７,33.840752,134.379921,0884-62-1378,,
324,まるい旅館,旅館,771-5406,徳島県那賀郡那賀町延野字王子１２−１,33.822641,134.480485,0884-62-0031,,
325,相生旅館,旅館,771-5406,徳島県那賀郡那賀町延野字王子４５−１,33.822009,134.479815,0884-62-0072,,
326,平和旅館,旅館,771-6105,徳島県那賀郡那賀町木頭字広瀬５−６,33.830016,134.299543,0884-65-2416,,
327,小森旅館,旅館,771-6402,徳島県那賀郡那賀町木頭出原字シモマチ３４,33.771267,134.201808,0884-68-2810,,
328,一家屋,民宿・レストラン,771-6403,徳島県那賀郡那賀町木頭和無田ｲﾜﾂｼ27,33.771176,134.196642,0884-68-2498,,
329,民宿たき,民宿・旅館,771-5503,徳島県那賀郡那賀町小浜４７６−６,33.802929,134.366363,0884-66-0209,,
330,道の宿そわか,民宿・旅館,771-5203,徳島県那賀郡那賀町和食郷字田野５０−１,33.863113,134.501474,0884-62-0701,http://yado-sowaka.com/,
331,農村レストラン　いづりは,民宿,771-6103,徳島県那賀郡那賀町出羽字母林3,33.846667,134.328862,08846-5-2018,http://wwwa.njctv.ne.jp/njcs0077/,
332,ファガスの森 高城,バンガロー,771-6114,徳島県那賀郡那賀町沢谷字釜ヶ谷1-1,33.90467,134.232588,0884-65-2116,http://shikibidani-onsen.com/fagus_top/fagus_home.html,
333,美那川キャンプ村,キャンプ場,771−6511,徳島県那賀郡那賀町木頭折宇野久保谷45−1,33.74397,134.15435,0884-68−2333,http://www.nett.ne.jp/kankou/kouen/minagawa/,
334,那賀町鷲敷野外活動センター,キャンプ場,771-5206　,徳島県那賀郡那賀町百合字松の木178,33.840394,134.494008,0884-62-2524,http://www.waziki-camping.com/yagai/index.html,
335,鷲敷ライン林間キャンプ村,キャンプ場,771-5206　,徳島県那賀郡那賀町百合字松の木238-1,33.838508,134.48423,0884-62-1186,http://www.waziki-camping.com/camp/index.html,
336,相生森林文化公園あいあいらんど,キャンプ場,771-5411,徳島県那賀郡那賀町横石字大板53-19,33.796358,134.448562,0884-62-3116,http://aiai-land.net/cottage.html,
337,シャンティシャンティ,民宿,775-0013,徳島県海部郡牟岐町出羽島45-2,33.63616,134.423116,0884-72-3510,https://ja-jp.facebook.com/tebajimaguesthouseShantishanti,
338,民宿船戸荘,民宿,775-0006,徳島県海部郡牟岐町大字中村字大戸４６,33.659851,134.415811,0884-72-1010,,
339,あづま民宿,民宿,775-0006,徳島県海部郡牟岐町大字中村字本村１０４,33.671469,134.419089,0884-72-0141,,
340,杉本民宿,民宿・旅館,775-0006,徳島県海部郡牟岐町大字中村字本村８５−３,33.670438,134.420697,0884-72-0237,,
341,内妻荘,民宿,775-0007,徳島県海部郡牟岐町大字内妻字丸山３,33.659336,134.400405,0884-72-1674,,
342,やさか民宿,割ぽう旅館・民宿,775-0007,徳島県海部郡牟岐町大字内妻字白木３４,33.660034,134.406173,0884-72-1090,,
343,活魚料理家形船,民宿,775-0007,徳島県海部郡牟岐町大字内妻字白木３４,33.660057,134.406188,0884-72-2830,,
344,サーフィン内妻,民宿,775-0007,徳島県海部郡牟岐町大字内妻字白木６２−１,33.660167,134.404888,0884-72-0733,,
345,しらきや,宿坊・釣宿・民宿,775-0007,徳島県海部郡牟岐町大字内妻字白木６８−２,33.660673,134.403169,0884-72-0788,http://www4.plala.or.jp/shirakiya/index.htm,
346,砂美かたやま,民宿,775-0005,徳島県海部郡牟岐町大字灘字下浜辺６−１,33.664354,134.430868,0884-72-1727,http://sabi.jp.net/,
347,徳島県立牟岐少年自然の家,保養施設,775-0005,徳島県海部郡牟岐町大字灘字東谷１１６−３５,33.668671,134.443125,0884-72-2811,http://www.mugi-nature.com/,
348,ホテル白い燈台,ホテル,779-2304,徳島県海部郡美波町日和佐浦４５５,33.737181,134.544691,0884-77-1170,http://www.shiroitodai.jp/,
349,イザリCafe,民宿,779-2107,徳島県海部郡美波町伊座利301-2,33.802691,134.669115,0884-78-1186,http://izari.sblo.jp/,
350,きよ美旅館,旅館,779-2305,徳島県海部郡美波町奥河内字寺前１１２,33.732163,134.531712,0884-77-0550,,
351,ふなつき旅館,旅館,779-2305,徳島県海部郡美波町奥河内字寺前１６５,33.731907,134.531708,0884-77-0168,,
352,薬王寺温泉,温泉旅館,779-2305,徳島県海部郡美波町奥河内字寺前２５６−７,33.731743,134.528548,0884-77-1126,http://yakuouji.net/onsen/index.html,
353,喜久栄,民宿,779-2305,徳島県海部郡美波町奥河内字寺前４９０−２３,33.729874,134.531457,0884-77-0159,,
354,平しげ旅館,旅館,779-2305,徳島県海部郡美波町奥河内字寺前４９０−７,33.730045,134.532952,0884-77-0072,,
355,むらかみ旅館,旅館,779-2305,徳島県海部郡美波町奥河内字弁才天６８−１,33.727381,134.531209,0884-77-0083,,
356,ビジネスホテル．ケアンズ,ビジネスホテル,779-2305,徳島県海部郡美波町奥河内字弁才天７５−１7,33.728924,134.531035,0884-77-1211,http://www.hotel-cairns.net/,
357,弘陽荘,民宿,779-2305,徳島県海部郡美波町奥河内字本村７０,33.734068,134.536598,0884-77-1006,,
358,農家民宿クニ舛田,民宿,779-2303,徳島県海部郡美波町恵比須浜字田井218,33.747537,134.557199,0884-77-2173,http://www.kuni-masuda.com　,
359,美波町体験活動施設南阿波サンラインモビレージ,公共の宿,779-2307,徳島県海部郡美波町山河内字明丸１−１,33.692637,134.489474,0884-77-0709,http://www.awasun.com/,
360,ゆき荘,民宿・旅館,779-2101,徳島県海部郡美波町西由岐字愛宕山１３−７,33.769342,134.590423,0884-78-0513,,
361,橋本屋旅館,割ぽう旅館・観光旅館,779-2101,徳島県海部郡美波町西由岐字東１８,33.772121,134.590606,0884-78-0033,,
362,明山荘,釣宿・民宿,779-2109,徳島県海部郡美波町田井82-9,33.772624,134.585727,0884-78-1717,,
363,樹園,割ぽう旅館・釣宿・民宿,779-2109,徳島県海部郡美波町田井８３４−５,33.769015,134.577237,0884-78-1695,http://park.geocities.jp/jetkh211/,
364,国民の宿 うみがめ荘,旅館,779-2304,徳島県海部郡美波町日和佐浦３７０−４,33.735437,134.541171,0884-77-1166,http://umigamesou.com/?mid=access,
365,ふれあいの宿 遊遊NASA,ホテル・公共の宿・旅館,775-0302,徳島県海部郡海陽町奥浦字鹿ケ谷５８−３,33.588144,134.353692,0884-73-0300,http://www.uu-nasa.co.jp,
366,民宿かいふ,民宿,775-0302,徳島県海部郡海陽町奥浦字西分２２−１,33.594133,134.353294,0884-73-4522,,
367,旅館みなみ,旅館,775-0302,徳島県海部郡海陽町奥浦字町内１２３−１,33.593754,134.355859,0884-73-1373,,
368,生本旅館,旅館,775-0302,徳島県海部郡海陽町奥浦字町内１７１−１,33.593926,134.35601,0884-73-1350,,
369,はるる亭,民宿,775-0502,徳島県海部郡海陽町久保字板取２３１−１,33.576088,134.308313,0884-76-2282,,
370,愛宕旅館,旅館,775-0501,徳島県海部郡海陽町宍喰浦字宍喰358-4,33.565725,134.303141,0884-76-2037,http://wwwa.pikara.ne.jp/atago/,
371,ペンションししくい,コテージ・ペンション・山小屋,775-0501,徳島県海部郡海陽町宍喰浦字古目８４−１８,33.560283,134.311198,0884-76-2130,http://www.p-shishikui.com/,
372,HOTEL RIVIERA ししくい,ホテル,775-0501,徳島県海部郡海陽町宍喰浦字松原２２６−１,33.568607,134.307156,0884-76-3300,http://www.hotel-riviera.co.jp,
373,辨天屋旅館,旅館,775-0501,徳島県海部郡海陽町宍喰浦字松原４５−７,33.566963,134.305055,0884-76-2010,http://wwwb.pikara.ne.jp/bentenya/,
374,民宿ぬしま,民宿,775-0501,徳島県海部郡海陽町宍喰浦字正梶１７６−４,33.561381,134.304208,0884-76-2885,,
375,民宿えびす,民宿,775-0501,徳島県海部郡海陽町宍喰浦字正梶１８８−１９,33.558753,134.308526,0884-76-2769,http://wwwb.pikara.ne.jp/ebisu/,
376,民宿竹ケ島,民宿,775-0513,徳島県海部郡海陽町宍喰浦字竹ケ島1-4,33.547138,134.317834,0884-76-3657,,
377,しおさい荘,民宿,775-0512,徳島県海部郡海陽町宍喰浦字那佐２５８−１,33.5819,134.323839,0884-76-2406,,
378,ロッジ那佐,コテージ・ペンション・ホテル・ロッジ・貸別荘・民宿,775-0512,徳島県海部郡海陽町宍喰浦字那佐３２８,33.581997,134.313937,0884-76-2081,,
379,ホテル那佐,ホテル,775-0512,徳島県海部郡海陽町宍喰浦字那佐３３７−２１,33.585804,134.33615,0884-76-3480,http://www.shiroitodai.burari.biz/,
380,民宿リバーランズ,民宿,775-0412,徳島県海部郡海陽町小川字東桑原３１−１,33.682825,134.306668,0884-75-2513,http://wwwe.pikara.ne.jp/riverruns/,
381,和三郎,民宿,775-0413,徳島県海部郡海陽町神野字高尾13,33.662457,134.311504,0884-75-2020,http://www2.odn.ne.jp/~cdu12490/wasaburou/,
382,民宿 吉田,民宿,775-0101,徳島県海部郡海陽町浅川字加島５−２,33.633432,134.37489,0884-73-2350,,
383,海山荘,釣宿・民宿,775-0101,徳島県海部郡海陽町浅川字鯖瀬口２４−１１,33.643634,134.385339,0884-73-1326,,
384,民宿 大砂荘,民宿,775-0101,徳島県海部郡海陽町浅川字大砂19-9,33.639228,134.377572,0884-70-1265,,
385,鯖大師へんろ会館,宿坊,775-0101,徳島県海部郡海陽町浅川字中相１５,33.647892,134.384805,0884-73-0743,http://www.sabadaishihonbou.jp/,
386,まぜのおか オートキャンプ場,キャンプ場,775-0101,徳島県海部郡海陽町浅川字西福良43,33.6228929,134.3691618,0884-74-3111,http://www.kaifu.or.jp/,
387,海陽町船津キャンプ場,キャンプ場,775-0510?,徳島県海部郡海陽町船津字僧都谷7,33.56905356,134.2183399,0884-76-2958,http://www.kaiyo-kankou.jp/index.php/staying2/stay-funatsuc,
388,宍喰温泉,,775-0502,徳島県海部郡海陽町大字久保字板取219-6,33.569,134.307,0884-76-3442,,
389,村上旅館,旅館,775-0203,徳島県海部郡海陽町大里字尾ノ鼻１２,33.602791,134.352369,0884-73-0067,,
390,ホテルソラエ,ホテル,771-0220,徳島県板野郡松茂町広島字宮ノ前２６−１,34.133538,134.57337,088-699-7137,http://www.hotel-solae.com/,
391,ビジネスホテルポケット,ビジネスホテル,771-0219,徳島県板野郡松茂町笹木野字八北開拓２０７−１,34.139183,134.590765,088-699-2222,,
392,ワールドイン徳島,ビジネスホテル,771-0219,徳島県板野郡松茂町笹木野字八北開拓１−１６４,34.14224,134.592958,088-699-5885,,
393,ニュースカイルート,ビジネスホテル,771-0219,徳島県板野郡松茂町笹木野字八北開拓１６４−７,34.141315,134.592146,088-699-3988,,
394,松葉旅館,旅館,771-0219,徳島県板野郡松茂町笹木野字八北開拓２５１−２,34.138718,134.590913,088-699-5656,,
395,多津美,ビジネス旅館・民宿,771-0219,徳島県板野郡松茂町笹木野字八北開拓２５４−１,34.138497,134.590276,088-699-4688,http://www7a.biglobe.ne.jp/~tatumi/,
396,ホテル太平洋,ビジネスホテル,771-0212,徳島県板野郡松茂町中喜来字牛飼野東ノ越３８−１,34.149977,134.580439,088-699-2967,http://hotel-taiheiyo.com/,
397,月見ヶ丘海浜公園ビジターセンター,ペンション,771-0215,徳島県板野郡松茂町豊岡字山ノ手４２,34.125848,134.608604,088-699-6697,http://www.tsukimigaoka.com/,
398,ビジネスホテル久次米,ビジネスホテル,771-1201,徳島県板野郡藍住町奥野字西中須４２−１,34.131394,134.486371,088-692-5783,,
399,久次米旅館,旅館,771-1201,徳島県板野郡藍住町奥野字西中須４２−１,34.131546,134.486466,088-692-2556,,
400,おくむら旅館,ビジネス旅館,771-1202,徳島県板野郡藍住町奥野字前川７４,34.119383,134.490225,088-692-2230,,
401,旅人の宿道しるべ,民宿・旅館,779-0104,徳島県板野郡板野町吹田字平山９３−１１,34.152509,134.46512,088-672-6171,http://www.h7.dion.ne.jp/~tabiyado,
402,あせび温泉・やすらぎの郷,保養施設,779-0101,徳島県板野郡板野町大坂字椋木原30-1,34.167115,134.457383,088-672-1126,,
403,ばんどう旅館,旅館,779-0105,徳島県板野郡板野町大寺字平田６１−４,34.142463,134.466037,088-672-1001,,
404,森本屋,民宿,779-0114,徳島県板野郡板野町羅漢字野神６０−１,34.135688,134.431985,088-672-3568,,
405,民宿寿食堂,民宿,771-1302,徳島県板野郡上板町七條字大道ノ上１３−１,34.123856,134.404229134.404229,088-694-2024,http://www.kotobukishokudou.com/index.html,
406,ラ・フォーレつるぎ山,民宿,779-4306,徳島県美馬郡つるぎ町一宇字葛籠６１９８−２,33.873377,134.076616,0883-67-5555,http://www.laforet-t.com,
407,つるぎの宿 岩戸,ホテル,779-4302,徳島県美馬郡つるぎ町一宇字赤松６−９,33.955443,134.067918,0883-67-2826,http://ww81.tiki.ne.jp/~iwado/,
408,民宿川又,民宿,779-4307,徳島県美馬郡つるぎ町一宇字川又９３２,33.904293,134.080981,0883-67-5130,,
409,ビジネスホテルふじ,ビジネスホテル・旅館,779-4101,徳島県美馬郡つるぎ町貞光字町４８−３,34.037615,134.063077,0883-62-2336,,
410,双葉旅館,旅館,779-4101,徳島県美馬郡つるぎ町貞光字町６０−２,34.036136,134.062539,0883-62-2076,,
411,剣山木綿麻温泉,保養施設,779-4108,徳島県美馬郡つるぎ町貞光字長瀬127-2,34.00083,134.08445,0883-62-5500,http://www.town.tokushima-tsurugi.lg.jp/yuumaspa.html,
412,本家旅館,旅館,779-4701,徳島県三好郡東みよし町加茂３３２７−１０,34.036257,133.936432,0883-82-2588,,
413,吉野川ハイウェイオアシス「美濃田の湯」,保養施設,771-2502,徳島県三好郡東みよし町足代1650,34.036672,133.891685,0883-76-5226,http://www.yoshinogawa-oasis.com/,
414,美濃田の淵バンガロー,,771-2502,徳島県三好郡東みよし町足代小山,34.036082,133.893788,0883-79-5858,http://www.yoshinogawa-oasis.com/,
415,ビジネスホテルわらぐろ,ビジネスホテル,779-4703,徳島県三好郡東みよし町中庄９８４−４,34.036846,133.956168,0883-82-4545,,
416,二本栗キャンプ村,コテージ・ロッジ・山小屋,771-2503,徳島県三好郡東みよし町東山字男山８６−２,34.092246,133.877152,0883-79-5870,http://www3.ocn.ne.jp/~nihongur/401.html#top,
417,いやしの里　増川笑楽耕,,771-2503,徳島県三好郡東みよし町東山字増川264-2,34.068164,133.8442945,0883-79-5582,http://www.town.higashimiyoshi.lg.jp/kanko/kankoti/masukawa.html,
